Date,Title,Ticker,Article URL
2021-11-21 21:27:00, Ding Lei: New Ultra-Futuristic HiPhi Z from Human Horizons is Pushing Auto Industry Standards,,https://www.prnewswire.com/news-releases/ding-lei-new-ultra-futuristic-hiphi-z-from-human-horizons-is-pushing-auto-industry-standards-301429645.html
2021-11-21 21:15:00," Pace raises USD40 million Series A funding from Pan-Asian group of investors from Singapore, Japan, Korea, China Taiwan and Indonesia",,https://www.prnewswire.com/news-releases/pace-raises-usd40-million-series-a-funding-from-pan-asian-group-of-investors-from-singapore-japan-korea-china-taiwan-and-indonesia-301429618.html
2021-11-21 20:53:00, Lanvin Group Unveils New Brand Identity,,https://www.prnewswire.com/news-releases/lanvin-group-unveils-new-brand-identity-301429636.html
2021-11-21 20:41:00, Aston Martin Vantage mit BAPE+GEEKVAPE-Beschichtung macht sich bereit für den Macau Grand Prix,,https://www.prnewswire.com/news-releases/aston-martin-vantage-mit-bape-geekvape-beschichtung-macht-sich-bereit-fur-den-macau-grand-prix-802103413.html
2021-11-21 20:34:00," New Models, New Energy | GAC at the Auto Guangzhou 2021",,https://www.prnewswire.com/news-releases/new-models-new-energy--gac-at-the-auto-guangzhou-2021-301429632.html
2021-11-21 20:00:00," ""Life's Good Film"" Applauded, Recognized at International Film Festivals",,https://www.prnewswire.com/news-releases/lifes-good-film-applauded-recognized-at-international-film-festivals-301428957.html
2021-11-21 19:02:00," Atari (ATRI), um projeto de jogo de marca bem conhecido, será lançado na MEXC Global em 20 de novembro",,https://www.prnewswire.com/news-releases/atari-atri-um-projeto-de-jogo-de-marca-bem-conhecido-sera-lancado-na-mexc-global-em-20-de-novembro-841048331.html
2021-11-21 19:00:00, Innovent Releases the ORIENT-31 Phase 3 Study First Interim Analysis Results of Sintilimab plus BYVASDA (bevacizumab biosimilar injection) and Chemotherapy in Patients with EGFR-mutated Nonsquamous Non-small Cell Lung Cancer who Progressed After EGFR-TKI Therapy at ESMO Virtual Plenary 2021,,https://www.prnewswire.com/news-releases/innovent-releases-the-orient-31-phase-3-study-first-interim-analysis-results-of-sintilimab-plus-byvasda-bevacizumab-biosimilar-injection-and-chemotherapy-in-patients-with-egfr-mutated-nonsquamous-non-small-cell-lung-cancer-who-p-301429490.html
2021-11-21 19:00:00, Innovent Announces Inclusion of the Company's Stock (01801.HK) in the Hang Seng China Enterprises Index,,https://www.prnewswire.com/news-releases/innovent-announces-inclusion-of-the-companys-stock-01801hk-in-the-hang-seng-china-enterprises-index-301429551.html
2021-11-21 18:15:00," Toyota Motor Credit Corporation to Provide Consumer Financing Solutions for Great American Outdoors Group, Parent Company of Bass Pro Shops, Cabela's and White River Marine Group",,https://www.prnewswire.com/news-releases/toyota-motor-credit-corporation-to-provide-consumer-financing-solutions-for-great-american-outdoors-group-parent-company-of-bass-pro-shops-cabelas-and-white-river-marine-group-301429510.html
2021-11-21 17:55:00," CrossCountry Mortgage Donates $100,000 to Milan Edison High School in Memory of U.S. Navy Corpsman Maxton Soviak",,https://www.prnewswire.com/news-releases/crosscountry-mortgage-donates-100-000-to-milan-edison-high-school-in-memory-of-us-navy-corpsman-maxton-soviak-301429606.html
2021-11-21 16:00:00, Nieuw Statendam Returns to South Florida Cruising Today and Marks Holland America Line's Fifth Ship to Reenter Service,CCL,https://www.prnewswire.com/news-releases/nieuw-statendam-returns-to-south-florida-cruising-today-and-marks-holland-america-lines-fifth-ship-to-reenter-service-301429595.html
2021-11-21 14:15:00," ROSEN, RESPECTED INVESTOR COUNSEL, Encourages Höegh LNG Partners LP Investors to Secure Counsel Before Important December 27 Deadline in First Filed Securities Class Action Commenced by the Firm - HMLP",HMLP,https://www.prnewswire.com/news-releases/rosen-respected-investor-counsel-encourages-hoegh-lng-partners-lp-investors-to-secure-counsel-before-important-december-27-deadline-in-first-filed-securities-class-action-commenced-by-the-firm--hmlp-301429465.html
2021-11-21 13:30:00, Los ganadores del Premio Tang se refieren a la búsqueda de justicia ambiental y judicial a través de litigios de interés público,,https://www.prnewswire.com/news-releases/los-ganadores-del-premio-tang-se-refieren-a-la-busqueda-de-justicia-ambiental-y-judicial-a-traves-de-litigios-de-interes-publico-887467645.html
2021-11-21 13:13:00," USD 116 Billion Growth expected in Social Media Marketing Services Market by 2024 | 1,200+ Sourcing and Procurement Report | SpendEdge",,https://www.prnewswire.com/news-releases/usd-116-billion-growth-expected-in-social-media-marketing-services-market-by-2024--1-200-sourcing-and-procurement-report--spendedge-301425817.html
2021-11-21 11:30:00," HYZN FINAL DEADLINE: ROSEN, SKILLED INVESTOR COUNSEL, Encourages Hyzon Motors Inc. f/k/a Decarbonization Plus Acquisition Corporation Investors with Losses Over $100K to Secure Counsel Before Important November 29 Deadline in Securities Class Action - HYZN, HYZNW, DCRB, DCRBW, DCRBU",HYZN,https://www.prnewswire.com/news-releases/hyzn-final-deadline-rosen-skilled-investor-counsel-encourages-hyzon-motors-inc-fka-decarbonization-plus-acquisition-corporation-investors-with-losses-over-100k-to-secure-counsel-before-important-november-29-deadline-in-secu-301429464.html
2021-11-21 11:00:00, Tang Prize Laureates on Seeking Environmental and Judicial Justice through Public Interest Litigation,,https://www.prnewswire.com/news-releases/tang-prize-laureates-on-seeking-environmental-and-judicial-justice-through-public-interest-litigation-301428819.html
2021-11-21 10:00:00," Important December 20, 2021 Deadline Reminder: Kessler Topaz Meltzer & Check, LLP Reminds Gaotu Techedu Inc. Investors of Securities Fraud Class Action Lawsuit",GOTU,https://www.prnewswire.com/news-releases/important-december-20-2021-deadline-reminder--kessler-topaz-meltzer--check-llp-reminds-gaotu-techedu-inc-investors-of-securities-fraud-class-action-lawsuit-301429443.html
2021-11-21 08:30:00, Global Industrial Fasteners Market Sourcing and Procurement Intelligence Report| Top Spending Regions and Market Price Trends| SpendEdge,,https://www.prnewswire.com/news-releases/global-industrial-fasteners-market-sourcing-and-procurement-intelligence-report-top-spending-regions-and-market-price-trends-spendedge-301425793.html
2021-11-21 08:00:00, Global Finance leaders from 41 different countries in Abu Dhabi for the fifth edition of ADGM's Fintech Abu Dhabi Festival,,https://www.prnewswire.com/news-releases/global-finance-leaders-from-41-different-countries-in-abu-dhabi-for-the-fifth-edition-of-adgms-fintech-abu-dhabi-festival-301429568.html
2021-11-21 07:50:00, Global Finance leaders from 41 different countries in Abu Dhabi for the fifth edition of ADGM's Fintech Abu Dhabi Festival,,https://www.prnewswire.com/news-releases/global-finance-leaders-from-41-different-countries-in-abu-dhabi-for-the-fifth-edition-of-adgms-fintech-abu-dhabi-festival-301429566.html
2021-11-21 04:02:00, CStone Pharmaceuticals and Jiangsu Hengrui Pharmaceuticals announce strategic partnership and exclusive licensing agreement on anti-CTLA-4 monoclonal antibody CS1002 in Greater China,,https://www.prnewswire.com/news-releases/cstone-pharmaceuticals-and-jiangsu-hengrui-pharmaceuticals-announce-strategic-partnership-and-exclusive-licensing-agreement-on-anti-ctla-4-monoclonal-antibody-cs1002-in-greater-china-301429555.html
2021-11-21 03:00:00, Hisense célèbre la Coupe du Monde de la FIFA 2022™ à un an de l'événement avec la campagne « Too Big To Miss » (trop important pour être manqué),,https://www.prnewswire.com/news-releases/hisense-celebre-la-coupe-du-monde-de-la-fifa-2022-tm-a-un-an-de-l-evenement-avec-la-campagne-too-big-to-miss-trop-important-pour-etre-manque--889356117.html
2021-11-21 03:00:00," Hisense feiert die FIFA Fussball-Weltmeisterschaft 2022™ ein Jahr vor dem Start mit einer „Too Big To Miss""-Kampagne",,https://www.prnewswire.com/news-releases/hisense-feiert-die-fifa-fussball-weltmeisterschaft-2022-tm-ein-jahr-vor-dem-start-mit-einer-too-big-to-miss-kampagne-827918484.html
2021-11-21 03:00:00, Hisense celebra que falta un año para la FIFA World Cup 2022™ con una campaña,,https://www.prnewswire.com/news-releases/hisense-celebra-que-falta-un-ano-para-la-fifa-world-cup-2022-tm-con-una-campana-854850393.html
2021-11-21 03:00:00," Hisense celebra la cuenta regresiva de un año para la Copa Mundial de la FIFA 2022™ con la campaña ""Too Big to Miss""",,https://www.prnewswire.com/news-releases/hisense-celebra-la-cuenta-regresiva-de-un-ano-para-la-copa-mundial-de-la-fifa-2022-tm-con-la-campana-too-big-to-miss--895260004.html
2021-11-21 00:30:00," Jazeera Green Silk Flexy, New all-in-one product launch for all ceiling finishes by Jazeera Paints",,https://www.prnewswire.com/news-releases/jazeera-green-silk-flexy-new-all-in-one-product-launch-for-all-ceiling-finishes-by-jazeera-paints-301426489.html
2021-11-21 00:00:00, Laureados com o Tang Prize buscam justiça ambiental e judicial por meio de litígios de interesse público,,https://www.prnewswire.com/news-releases/laureados-com-o-tang-prize-buscam-justica-ambiental-e-judicial-por-meio-de-litigios-de-interesse-publico-890939174.html
2021-11-20 23:16:00, L'Aston Martin Vantage parée du revêtement BAPE+GEEKVAPE se prépare pour le Grand Prix de Macao,,https://www.prnewswire.com/news-releases/l-aston-martin-vantage-paree-du-revetement-bape-geekvape-se-prepare-pour-le-grand-prix-de-macao-882395534.html
2021-11-20 22:20:00, La confiance des investisseurs d'Icon Group permettra de conduire la prochaine phase de croissance mondiale grâce à l'investissement d'EQT Infrastructure,GS,https://www.prnewswire.com/news-releases/la-confiance-des-investisseurs-d-icon-group-permettra-de-conduire-la-prochaine-phase-de-croissance-mondiale-grace-a-l-investissement-d-eqt-infrastructure-857246998.html
2021-11-20 22:17:00, Investoren zeigen Vertrauen in die Icon Group und unterstützen die nächste Phase des internationalen Wachstums mit Investition von EQT Infrastructure,GS,https://www.prnewswire.com/news-releases/investoren-zeigen-vertrauen-in-die-icon-group-und-unterstutzen-die-nachste-phase-des-internationalen-wachstums-mit-investition-von-eqt-infrastructure-888882855.html
2021-11-20 22:16:00, Beleggingsvertrouwen in Icon Group om de volgende fase van wereldwijde groei te stimuleren met EQT-investeringen in infrastructuur,GS,https://www.prnewswire.com/news-releases/beleggingsvertrouwen-in-icon-group-om-de-volgende-fase-van-wereldwijde-groei-te-stimuleren-met-eqt-investeringen-in-infrastructuur-851011197.html
2021-11-20 22:11:00, Мировая премьера бренда SALOON: GWM в центре внимания на Auto Guangzhou (GIAE) 2021,,https://www.prnewswire.com/news-releases/mirovaia-prem-era-brenda-saloon-gwm-v-tsentre-vnimaniia-na-auto-guangzhou-giae-2021-840699729.html
2021-11-20 22:08:00, Estreia global da marca SALOON - A GWM se torna o foco da Auto Guangzhou (GIAE) de 2021,,https://www.prnewswire.com/news-releases/estreia-global-da-marca-saloon-a-gwm-se-torna-o-foco-da-auto-guangzhou-giae-de-2021-876264919.html
2021-11-20 22:01:00, Globální premiéra značky SALOON - společnost GWM se stala středem pozornosti na veletrhu Auto Guangzhou (GIAE) 2021,,https://www.prnewswire.com/news-releases/globalni-premiera-znacky-saloon-spolecnost-gwm-se-stala-stredem-pozornosti-na-veletrhu-auto-guangzhou-giae-2021-860838926.html
2021-11-20 21:56:00, Lancement mondial de la marque SALOON - GWM devient le point de mire du salon Auto Guangzhou (GIAE) 2021,,https://www.prnewswire.com/news-releases/lancement-mondial-de-la-marque-saloon-gwm-devient-le-point-de-mire-du-salon-auto-guangzhou-giae-2021-848291361.html
2021-11-20 21:53:00, Weltpremiere der Marke SALOON - GWM wird zum Mittelpunkt der Auto Guangzhou (GIAE) 2021,,https://www.prnewswire.com/news-releases/weltpremiere-der-marke-saloon-gwm-wird-zum-mittelpunkt-der-auto-guangzhou-giae-2021-841987022.html
2021-11-20 21:48:00, Svetová premiéra značky SALOON - GWM sa stáva stredobodom záujmu na výstave Auto Guangzhou (GIAE) 2021,,https://www.prnewswire.com/news-releases/svetova-premiera-znacky-saloon-gwm-sa-stava-stredobodom-zaujmu-na-vystave-auto-guangzhou-giae-2021-849220050.html
2021-11-20 21:00:00," Tang Prize Laureate Jane Goodall's Three Reasons for Hope: Young People, Amazing Human Intellect, and Nature's Resilience",,https://www.prnewswire.com/news-releases/tang-prize-laureate-jane-goodalls-three-reasons-for-hope-young-people-amazing-human-intellect-and-natures-resilience-301426380.html
2021-11-20 19:49:00, Nestle Health Science Partners with Healint to Initiate a Fully Virtual Study on Ketogenic Treatment for Migraines,,https://www.prnewswire.com/news-releases/nestle-health-science-partners-with-healint-to-initiate-a-fully-virtual-study-on-ketogenic-treatment-for-migraines-301429542.html
2021-11-20 18:13:00," NVAX ALERT: Novavax, Inc. Investors with Substantial Losses Have Opportunity to Lead Class Action Lawsuit",NVAX,https://www.prnewswire.com/news-releases/nvax-alert-novavax-inc-investors-with-substantial-losses-have-opportunity-to-lead-class-action-lawsuit-301429459.html
2021-11-20 18:05:00, ZME DEADLINE: Robbins Geller Rudman & Dowd LLP Files Class Action Suit Against Zhangmen Education Inc. and Announces Opportunity for Investors with Substantial Losses to Lead Case,ZME,https://www.prnewswire.com/news-releases/zme-deadline-robbins-geller-rudman--dowd-llp-files-class-action-suit-against-zhangmen-education-inc-and-announces-opportunity-for-investors-with-substantial-losses-to-lead-case-301429461.html
2021-11-20 17:15:00, Honda Ridgeline Off-Road Race Truck Wins Baja 1000,,https://www.prnewswire.com/news-releases/honda-ridgeline-off-road-race-truck-wins-baja-1000-301429533.html
2021-11-20 17:00:00, The Yellow Mountains Of Huangshan Gets The Spotlight As First US-China Major Tourism Event Returns Since The Pandemic,,https://www.prnewswire.com/news-releases/the-yellow-mountains-of-huangshan-gets-the-spotlight-as-first-us-china-major-tourism-event-returns-since-the-pandemic-301429531.html
2021-11-20 15:20:00, La coopération financière entre la Chine et Singapour partage ses avantages avec le monde entier,,https://www.prnewswire.com/news-releases/la-cooperation-financiere-entre-la-chine-et-singapour-partage-ses-avantages-avec-le-monde-entier-807878289.html
2021-11-20 15:14:00, SUPERSOCO achève la construction de son siège mondial et dévoile sa stratégie de plateforme industrielle,,https://www.prnewswire.com/news-releases/supersoco-acheve-la-construction-de-son-siege-mondial-et-devoile-sa-strategie-de-plateforme-industrielle-823842943.html
2021-11-20 14:57:00," Le nombre de nominations de PDG atteint des niveaux records, dépassant les sommets pré-pandémiques selon le rapport 2021 Route to The Top de Heidrick & Struggles",HSII,https://www.prnewswire.com/news-releases/le-nombre-de-nominations-de-pdg-atteint-des-niveaux-records-depassant-les-sommets-pre-pandemiques-selon-le-rapport-2021-route-to-the-top-de-heidrick-amp-struggles-834213333.html
2021-11-20 14:53:00," APPH DEADLINE ALERT: ROSEN, GLOBAL INVESTOR COUNSEL, Encourages AppHarvest, Inc. Investors with Losses to Secure Counsel Before Important Tuesday Deadline in Securities Class Action - APPH",APPH,https://www.prnewswire.com/news-releases/apph-deadline-alert-rosen-global-investor-counsel-encourages-appharvest-inc-investors-with-losses-to-secure-counsel-before-important-tuesday-deadline-in-securities-class-action--apph-301429520.html
2021-11-20 14:35:00, CATL und ZF bündeln ihre Kräfte für einen optimalen Aftermarket-Service im Bereich E-Mobilität und Energiespeicherung,,https://www.prnewswire.com/news-releases/catl-und-zf-bundeln-ihre-krafte-fur-einen-optimalen-aftermarket-service-im-bereich-e-mobilitat-und-energiespeicherung-842793543.html
2021-11-20 14:00:00," ROSEN, A LEADING LAW FIRM, Encourages Tenet Fintech Group Inc. f/k/a Peak Fintech Group Inc. Investors with Losses Over $100K to Secure Counsel Before Important January 18 Deadline in First Filed Securities Class Action Commenced by the Firm - PKKFF, TNT",TNT,https://www.prnewswire.com/news-releases/rosen-a-leading-law-firm-encourages-tenet-fintech-group-inc-fka-peak-fintech-group-inc-investors-with-losses-over-100k-to-secure-counsel-before-important-january-18-deadline-in-first-filed-securities-class-action-commenced--301429519.html
2021-11-20 12:54:00, El Kia Telluride se integra en la lista 10Best 2022 de Car and Driver,,https://www.prnewswire.com/news-releases/el-kia-telluride-se-integra-en-la-lista-10best-2022-de-car-and-driver-884855402.html
2021-11-20 12:48:00, El nuevo Kia EV6 totalmente eléctrico se lleva el título Guinness World Records™ por viaje en los Estados Unidos,,https://www.prnewswire.com/news-releases/el-nuevo-kia-ev6-totalmente-electrico-se-lleva-el-titulo-guinness-world-records-tm-por-viaje-en-los-estados-unidos-800106594.html
2021-11-20 12:43:00, Kia America nos acerca el futuro en el Salón del Automóvil de Los Ángeles,,https://www.prnewswire.com/news-releases/kia-america-nos-acerca-el-futuro-en-el-salon-del-automovil-de-los-angeles-844943572.html
2021-11-20 12:38:00, El nuevo Kia Sportage Hybrid 2023 debuta en Los Angeles Auto Show,,https://www.prnewswire.com/news-releases/el-nuevo-kia-sportage-hybrid-2023-debuta-en-los-angeles-auto-show-858059625.html
2021-11-20 12:00:00, The World's First Ever Mummy-themed NFT Overcome Two Major Setbacks and Unlocked New Heights within its First 100 Days in the NFT World,,https://www.prnewswire.com/news-releases/the-worlds-first-ever-mummy-themed-nft-overcome-two-major-setbacks-and-unlocked-new-heights-within-its-first-100-days-in-the-nft-world-301428288.html
2021-11-20 10:54:00," Investigation Alert: Did You Lose Money on Your Investment? Johnson Fistel, LLP Encourages Investors to Contact the Firm",ORGO,https://www.prnewswire.com/news-releases/investigation-alert-did-you-lose-money-on-your-investment-johnson-fistel-llp-encourages-investors-to-contact-the-firm-301429516.html
2021-11-20 10:37:00," Disney Parks, Experiences and Products Finds Innovative Ways to Connect Guests to Beloved Stories in 2022 and Beyond",,https://www.prnewswire.com/news-releases/disney-parks-experiences-and-products-finds-innovative-ways-to-connect-guests-to-beloved-stories-in-2022-and-beyond-301429515.html
2021-11-20 10:00:00, Epoch-Making Ultra-portable And Thinnest Smart Laser Projector With ALPD® Technology Debut On Indiegogo,,https://www.prnewswire.com/news-releases/epoch-making-ultra-portable-and-thinnest-smart-laser-projector-with-alpd-technology--debut-on-indiegogo-301429497.html
2021-11-20 09:57:00," Did You Purchase Stock Between March 22, 2021 and March 29, 2021? Johnson Fistel Investigates Goldman Sachs and Morgan Stanley on Behalf of Investors for Insider Trading",BIDU,https://www.prnewswire.com/news-releases/did-you-purchase-stock-between-march-22-2021-and-march-29-2021-johnson-fistel-investigates-goldman-sachs-and-morgan-stanley-on-behalf-of-investors-for-insider-trading-301429514.html
2021-11-20 09:30:00," LEAD PLAINTIFF DEADLINE: Johnson Fistel, LLP Encourages Investors With Substantial Losses to Contact the Firm",NNOX,https://www.prnewswire.com/news-releases/lead-plaintiff-deadline-johnson-fistel-llp-encourages-investors-with-substantial-losses-to-contact-the-firm-301429511.html
2021-11-20 09:30:00, Legal Services Sourcing and Procurement Market during 2020-2024| COVID-19 Impact & Recovery Analysis | SpendEdge,,https://www.prnewswire.com/news-releases/legal-services-sourcing-and-procurement-market-during-2020-2024-covid-19-impact--recovery-analysis--spendedge-301425808.html
2021-11-20 07:07:00, How a Waste Broker Can Improve and Streamline a Business' Recycling and Waste Processes,,https://www.prnewswire.com/news-releases/how-a-waste-broker-can-improve-and-streamline-a-business-recycling-and-waste-processes-301427764.html
2021-11-20 05:00:00, Gavi dei Gavi La Scolca Life Style Generation,,https://www.prnewswire.com/news-releases/gavi-dei-gavi-la-scolca-life-style-generation-301428718.html
2021-11-20 04:30:00, Tijdens Black Friday - Het Grootste Online Verkoop van Eskute E-Bike!,,https://www.prnewswire.com/news-releases/tijdens-black-friday-het-grootste-online-verkoop-van-eskute-e-bike--812022155.html
2021-11-20 04:30:00," Questo Venerdì Nero, ESKUTE lancia la sua più grande vendita di sempre sulle bici elettriche più vendute",,https://www.prnewswire.com/news-releases/questo-venerdi-nero-eskute-lancia-la-sua-piu-grande-vendita-di-sempre-sulle-bici-elettriche-piu-vendute-843425806.html
2021-11-20 04:30:00," Ce Black Friday, Eskute lance sa plus grande vente jamais réalisée sur les vélos électriques les plus vendus",,https://www.prnewswire.com/news-releases/ce-black-friday-eskute-lance-sa-plus-grande-vente-jamais-realisee-sur-les-velos-electriques-les-plus-vendus-821286392.html
2021-11-20 04:30:00," En el Black Friday, Eskute lanzará su mayor promoción en la bicicleta eléctrica más vendida",,https://www.prnewswire.com/news-releases/en-el-black-friday-eskute-lanzara-su-mayor-promocion-en-la-bicicleta-electrica-mas-vendida-828641094.html
2021-11-20 04:30:00, An diesem Black Friday startet Eskute seinen bisher größten Sale an meistverkauften Elektrofahrrädern,,https://www.prnewswire.com/news-releases/an-diesem-black-friday-startet-eskute-seinen-bisher-grossten-sale-an-meistverkauften-elektrofahrradern-820945243.html
2021-11-20 03:05:00," SHAREHOLDER INVESTIGATION: Halper Sadeh LLP Investigates COR, DRNA, STXB, BCML; Shareholders are Encouraged to Contact the Firm",COR,https://www.prnewswire.com/news-releases/shareholder-investigation-halper-sadeh-llp-investigates-cor-drna-stxb-bcml-shareholders-are-encouraged-to-contact-the-firm-301429494.html
2021-11-20 03:00:00," SHAREHOLDER INVESTIGATION: Halper Sadeh LLP Investigates FTSI, RRD, MNR, LEVL; Shareholders are Encouraged to Contact the Firm",FTSI,https://www.prnewswire.com/news-releases/shareholder-investigation-halper-sadeh-llp-investigates-ftsi-rrd-mnr-levl-shareholders-are-encouraged-to-contact-the-firm-301429493.html
2021-11-20 02:14:00," ASPENTECH INVESTOR ALERT BY THE FORMER ATTORNEY GENERAL OF LOUISIANA: Kahn Swick & Foti, LLC Investigates Adequacy of Price and Process in Proposed Sale of Aspen Technology, Inc. - AZPN",EMR,https://www.prnewswire.com/news-releases/aspentech-investor-alert-by-the-former-attorney-general-of-louisiana-kahn-swick--foti-llc-investigates-adequacy-of-price-and-process-in-proposed-sale-of-aspen-technology-inc---azpn-301429492.html
2021-11-20 02:08:00," FTS INTERNATIONAL INVESTOR ALERT BY THE FORMER ATTORNEY GENERAL OF LOUISIANA: Kahn Swick & Foti, LLC Investigates Adequacy of Price and Process in Proposed Sale of FTS International, Inc. - FTSI",FTSI,https://www.prnewswire.com/news-releases/fts-international-investor-alert-by-the-former-attorney-general-of-louisiana-kahn-swick--foti-llc-investigates-adequacy-of-price-and-process-in-proposed-sale-of-fts-international-inc---ftsi-301429495.html
2021-11-20 02:00:00, Successful 2020 Tang Prize Award Ceremony Highlights Laureates' Achievements and Influence,,https://www.prnewswire.com/news-releases/successful-2020-tang-prize-award-ceremony-highlights-laureates-achievements-and-influence-301419171.html
2021-11-20 01:51:00," TRISTATE INVESTOR ALERT BY THE FORMER ATTORNEY GENERAL OF LOUISIANA: Kahn Swick & Foti, LLC Investigates Adequacy of Price and Process in Proposed Sale of TriState Capital Holdings, Inc. - TSC",RJF,https://www.prnewswire.com/news-releases/tristate-investor-alert-by-the-former-attorney-general-of-louisiana-kahn-swick--foti-llc-investigates-adequacy-of-price-and-process-in-proposed-sale-of-tristate-capital-holdings-inc---tsc-301429486.html
2021-11-20 01:29:00," PAE INCORPORATED INVESTOR ALERT BY THE FORMER ATTORNEY GENERAL OF LOUISIANA: Kahn Swick & Foti, LLC Investigates Adequacy of Price and Process in Proposed Sale of PAE Incorporated - PAE",,https://www.prnewswire.com/news-releases/pae-incorporated-investor-alert-by-the-former-attorney-general-of-louisiana-kahn-swick--foti-llc-investigates-adequacy-of-price-and-process-in-proposed-sale-of-pae-incorporated---pae-301429483.html
2021-11-20 00:53:00," UMPQUA INVESTOR ALERT BY THE FORMER ATTORNEY GENERAL OF LOUISIANA: Kahn Swick & Foti, LLC Investigates Adequacy of Price and Process in Proposed Sale of Umpqua Holdings Corporation - UMPQ",COLB,https://www.prnewswire.com/news-releases/umpqua-investor-alert-by-the-former-attorney-general-of-louisiana-kahn-swick--foti-llc-investigates-adequacy-of-price-and-process-in-proposed-sale-of-umpqua-holdings-corporation---umpq-301429489.html
2021-11-20 00:50:00, Father/Son Duo Launch New Site For EyeWris--Reading Glasses that Wrap Around Your Wrist,,https://www.prnewswire.com/news-releases/fatherson-duo-launch-new-site-for-eyewrisreading-glasses-that-wrap-around-your-wrist-301429414.html
2021-11-20 00:45:00," FIRST SOUND BANK INVESTOR ALERT BY THE FORMER ATTORNEY GENERAL OF LOUISIANA: Kahn Swick & Foti, LLC Investigates Adequacy of Price and Process in Proposed Sale of First Sound Bank - FSWA",BMTX,https://www.prnewswire.com/news-releases/first-sound-bank-investor-alert-by-the-former-attorney-general-of-louisiana-kahn-swick--foti-llc-investigates-adequacy-of-price-and-process-in-proposed-sale-of-first-sound-bank---fswa-301429487.html
2021-11-20 00:41:00," SPIRIT OF TEXAS BANCSHARES INVESTOR ALERT BY THE FORMER ATTORNEY GENERAL OF LOUISIANA: Kahn Swick & Foti, LLC Investigates Adequacy of Price and Process in Proposed Sale of Spirit of Texas Bancshares, Inc. - STXB",SFNC,https://www.prnewswire.com/news-releases/spirit-of-texas-bancshares-investor-alert-by-the-former-attorney-general-of-louisiana-kahn-swick--foti-llc-investigates-adequacy-of-price-and-process-in-proposed-sale-of-spirit-of-texas-bancshares-inc---stxb-301429480.html
2021-11-20 00:32:00," ROGERS CORPORATION INVESTOR ALERT BY THE FORMER ATTORNEY GENERAL OF LOUISIANA: Kahn Swick & Foti, LLC Investigates Adequacy of Price and Process in Proposed Sale of Rogers Corporation (NYSE:ROG)",ROG,https://www.prnewswire.com/news-releases/rogers-corporation-investor-alert-by-the-former-attorney-general-of-louisiana-kahn-swick--foti-llc-investigates-adequacy-of-price-and-process-in-proposed-sale-of-rogers-corporation-nyserog-301429472.html
2021-11-20 00:25:00," MOMENTIVE GLOBAL INVESTOR ALERT BY THE FORMER ATTORNEY GENERAL OF LOUISIANA: Kahn Swick & Foti, LLC Investigates Adequacy of Price and Process in Proposed Sale of Momentive Global Inc. - MNTV",ZEN,https://www.prnewswire.com/news-releases/momentive-global-investor-alert-by-the-former-attorney-general-of-louisiana-kahn-swick--foti-llc-investigates-adequacy-of-price-and-process-in-proposed-sale-of-momentive-global-inc---mntv-301429479.html
2021-11-20 00:06:00, This is a test from PR Newswire - F1,,https://www.prnewswire.com/news-releases/this-is-a-test-from-pr-newswire--f1-301429424.html
2021-11-20 00:04:00, This is a test from PR Newswire - H1,,https://www.prnewswire.com/news-releases/this-is-a-test-from-pr-newswire--h1-301429412.html
2021-11-20 00:02:00, This is a test from PR Newswire - T1,,https://www.prnewswire.com/news-releases/this-is-a-test-from-pr-newswire--t1-301429388.html
2021-11-19 23:31:00," The 2021 CCPC annual champion model: Texture and performance coexist, FAW-Volkswagen Audi A3L exceeds your expectations",,https://www.prnewswire.com/news-releases/the-2021-ccpc-annual-champion-model-texture-and-performance-coexist-faw-volkswagen-audi-a3l-exceeds-your-expectations-301429485.html
2021-11-19 23:30:00, Education Consulting Market size to grow by USD 287.08 Mn | Market Research Insights highlight the rising demand for customized learning as key driver | Technavio,,https://www.prnewswire.com/news-releases/education-consulting-market-size-to-grow-by-usd-287-08-mn--market-research-insights-highlight-the-rising-demand-for-customized-learning-as-key-driver--technavio-301428229.html
2021-11-19 23:27:00, Digital Banking Start-up DNBC Launches Mobile Top-up Feature,,https://www.prnewswire.com/news-releases/digital-banking-start-up-dnbc-launches-mobile-top-up-feature-301429484.html
2021-11-19 23:15:00," DICERNA INVESTOR ALERT BY THE FORMER ATTORNEY GENERAL OF LOUISIANA: Kahn Swick & Foti, LLC Investigates Adequacy of Price and Process in Proposed Sale of Dicerna Pharmaceuticals, Inc. - DRNA",NVO,https://www.prnewswire.com/news-releases/dicerna-investor-alert-by-the-former-attorney-general-of-louisiana-kahn-swick--foti-llc-investigates-adequacy-of-price-and-process-in-proposed-sale-of-dicerna-pharmaceuticals-inc---drna-301429473.html
2021-11-19 23:14:00, Who said that the compact car can't pursue speed? This 2021 CCPC annual champion model brings you a different feeling,,https://www.prnewswire.com/news-releases/who-said-that-the-compact-car-cant-pursue-speed-this-2021-ccpc-annual-champion-model-brings-you-a-different-feeling-301429481.html
2021-11-19 22:48:00, CATL et ZF s'associent pour créer un service après-vente optimal dans le domaine de l'e-mobilité et du stockage d'énergie,,https://www.prnewswire.com/news-releases/catl-et-zf-s-associent-pour-creer-un-service-apres-vente-optimal-dans-le-domaine-de-l-e-mobilite-et-du-stockage-d-energie-890304695.html
2021-11-19 22:46:00, SUPERSOCO schließt den Bau seines globalen Hauptsitzes ab und stellt seine Strategie für eine Branchenplattform vor,,https://www.prnewswire.com/news-releases/supersoco-schliesst-den-bau-seines-globalen-hauptsitzes-ab-und-stellt-seine-strategie-fur-eine-branchenplattform-vor-844283570.html
2021-11-19 22:45:00," Bit Digital, Inc. gibt Update der Bitcoin-Produktion und des Mining-Betriebs für das dritte Quartal 2021 bekannt",BTBT,https://www.prnewswire.com/news-releases/bit-digital-inc-gibt-update-der-bitcoin-produktion-und-des-mining-betriebs-fur-das-dritte-quartal-2021-bekannt-870347182.html
2021-11-19 22:43:00," Bit Digital, Inc. annonce une mise à jour relative à la production de bitcoins et aux opérations de minage pour le troisième trimestre de 2021",BTBT,https://www.prnewswire.com/news-releases/bit-digital-inc-annonce-une-mise-a-jour-relative-a-la-production-de-bitcoins-et-aux-operations-de-minage-pour-le-troisieme-trimestre-de-2021-860166018.html
2021-11-19 22:40:00, La manie du monogramme et l'essor de la haute couture technologique : HONOR dévoile les tendances technologiques et de mode à surveiller avec le WGSN,,https://www.prnewswire.com/news-releases/la-manie-du-monogramme-et-l-essor-de-la-haute-couture-technologique-honor-devoile-les-tendances-technologiques-et-de-mode-a-surveiller-avec-le-wgsn-825005164.html
2021-11-19 22:39:00, Vazyme participa da Medica 2021 na Alemanha para acelerar sua expansão no mercado global,,https://www.prnewswire.com/news-releases/vazyme-participa-da-medica-2021-na-alemanha-para-acelerar-sua-expansao-no-mercado-global-821554728.html
2021-11-19 22:33:00, Die Monogramm-Manie und der Aufstieg der Tech-Couture: HONOR stellt mit WGSN die wichtigsten Technologie- und Modetrends vor,,https://www.prnewswire.com/news-releases/die-monogramm-manie-und-der-aufstieg-der-tech-couture-honor-stellt-mit-wgsn-die-wichtigsten-technologie-und-modetrends-vor-852404802.html
2021-11-19 22:30:00," Smoothies Market to Witness USD 7.03 Billion Growth | Barfresh Food Group Inc., Danone SA, Happy Planet Foods Inc., & More Among Top Players | Technavio",,https://www.prnewswire.com/news-releases/smoothies-market-to-witness-usd-7-03-billion-growth--barfresh-food-group-inc-danone-sa-happy-planet-foods-inc--more-among-top-players--technavio-301428552.html
2021-11-19 22:19:00, Vazyme asiste a Medica 2021 en Alemania para acelerar su expansión en el mercado global,,https://www.prnewswire.com/news-releases/vazyme-asiste-a-medica-2021-en-alemania-para-acelerar-su-expansion-en-el-mercado-global-809154179.html
2021-11-19 21:56:00, Shanghai Electric podpísala na veľtrhu CIIE 2021 so spoločnosťou SKF dohodu o strategickej spolupráci,,https://www.prnewswire.com/news-releases/shanghai-electric-podpisala-na-veltrhu-ciie-2021-so-spolocnostou-skf-dohodu-o-strategickej-spolupraci-870796378.html
2021-11-19 21:52:00, Shanghai Electric подписывает Соглашение о стратегическом сотрудничестве с SKF на CIIE 2021,,https://www.prnewswire.com/news-releases/shanghai-electric-podpisyvaet-soglashenie-o-strategicheskom-sotrudnichestve-s-skf-na-ciie-2021-870354314.html
2021-11-19 21:51:00, Vazyme participe au salon Medica 2021 en Allemagne pour accélérer son expansion sur le marché mondial,,https://www.prnewswire.com/news-releases/vazyme-participe-au-salon-medica-2021-en-allemagne-pour-accelerer-son-expansion-sur-le-marche-mondial-879582124.html
2021-11-19 21:47:00," Un décor hivernal féérique au cœur de New York : L'Empire State Building dévoile ses décorations des fêtes, ses vitrines et ses événements spéciaux",ESRT,https://www.prnewswire.com/news-releases/un-decor-hivernal-feerique-au-coeur-de-new-york-l-empire-state-building-devoile-ses-decorations-des-fetes-ses-vitrines-et-ses-evenements-speciaux-884638887.html
2021-11-19 21:44:00," Investor Reminder: Kessler Topaz Meltzer & Check, LLP Reminds Investors of Securities Fraud Class Action Lawsuit Filed Against Novavax, Inc. - NVAX",NVAX,https://www.prnewswire.com/news-releases/investor-reminder-kessler-topaz-meltzer--check-llp-reminds-investors-of-securities-fraud-class-action-lawsuit-filed-against-novavax-inc--nvax-301429419.html
2021-11-19 21:44:00, Sociální obchodní platforma Bingbon dokončila rebranding na BingX,,https://www.prnewswire.com/news-releases/socialni-obchodni-platforma-bingbon-dokoncila-rebranding-na-bingx-827644928.html
2021-11-19 21:42:00, YHLO a dévoilé son nouveau développement de la technologie CLIA au salon MEDICA 2021,,https://www.prnewswire.com/news-releases/yhlo-a-devoile-son-nouveau-developpement-de-la-technologie-clia-au-salon-medica-2021-868436216.html
2021-11-19 21:35:00, Le Shanghai Futures Exchange et le Shanghai International Energy Exchange publient leurs données du mois d'octobre 2021,,https://www.prnewswire.com/news-releases/le-shanghai-futures-exchange-et-le-shanghai-international-energy-exchange-publient-leurs-donnees-du-mois-d-octobre-2021-862710969.html
2021-11-19 21:30:00, Polyurethane Foam Market to grow by USD 1.93 million ton| Rising Demand for PU Foams in China acts as Key Driver | 17000+ Technavio Reports,,https://www.prnewswire.com/news-releases/polyurethane-foam-market-to-grow-by-usd-1-93-million-ton-rising-demand-for-pu-foams-in-china-acts-as-key-driver--17000-technavio-reports-301428195.html
2021-11-19 21:30:00, Sinology Laureate Wang Gungwu Elaborates on the Importance of China's Wen and Shi Tradition,,https://www.prnewswire.com/news-releases/sinology-laureate-wang-gungwu-elaborates-on-the-importance-of-chinas-wen-and-shi-tradition-301428905.html
2021-11-19 21:23:00," Pořad společnosti Tokopedia ‚WIB: Indonesia K-Pop Awards' představuje hvězdné obsazení své první celosvětové premiéry: BTS, BLACKPINK, TWICE, NCT Dream a řada dalších",,https://www.prnewswire.com/news-releases/porad-spolecnosti-tokopedia-wib-indonesia-k-pop-awards-predstavuje-hvezdne-obsazeni-sve-prvni-celosvetove-premiery-bts-blackpink-twice-nct-dream-a-rada-dalsich-800325985.html
2021-11-19 21:22:00," WELLS FARGO INVESTIGATION CONTINUED BY FORMER LOUISIANA ATTORNEY GENERAL: Kahn Swick & Foti, LLC Continues to Investigate the Officers and Directors of Wells Fargo & Company - WFC",WFC,https://www.prnewswire.com/news-releases/wells-fargo-investigation-continued-by-former-louisiana-attorney-general--kahn-swick--foti-llc-continues-to-investigate-the-officers-and-directors-of-wells-fargo--company---wfc-301429453.html
2021-11-19 21:20:00, La presentación global de la marca SALOON - GWM se convierte en el centro de atención del Auto Guangzhou (GIAE) de 2021,,https://www.prnewswire.com/news-releases/la-presentacion-global-de-la-marca-saloon-gwm-se-convierte-en-el-centro-de-atencion-del-auto-guangzhou-giae-de-2021-879155293.html
2021-11-19 21:19:00," ROSEN, A LEADING LAW FIRM, Encourages InnovAge Holding Corp. Investors With Losses Exceeding $100K to Secure Counsel Before Important December 13 Deadline in Securities Class Action - INNV",INNV,https://www.prnewswire.com/news-releases/rosen-a-leading-law-firm-encourages-innovage-holding-corp-investors-with-losses-exceeding-100k-to-secure-counsel-before-important-december-13-deadline-in-securities-class-action--innv-301429404.html
2021-11-19 21:18:00," ROSEN, A TOP RANKED LAW FIRM, Encourages Vipshop Holdings Limited Investors With Losses Over $100K to Secure Counsel Before Important December 13 Deadline in Securities Class Action - VIPS",VIPS,https://www.prnewswire.com/news-releases/rosen-a-top-ranked-law-firm-encourages-vipshop-holdings-limited-investors-with-losses-over-100k-to-secure-counsel-before-important-december-13-deadline-in-securities-class-action--vips-301429403.html
2021-11-19 21:09:00," Witherite Law Group, Fiesta, And Ft. Worth ISD Joined Together To Feed More Than 1,000 Dallas-Ft. Worth Families For Thanksgiving",,https://www.prnewswire.com/news-releases/witherite-law-group-fiesta-and-ft-worth-isd-joined-together-to-feed-more-than-1-000-dallas-ft-worth-families-for-thanksgiving-301429466.html
2021-11-19 21:09:00," SHAREHOLDER ALERT: Monteverde & Associates PC Announces an Investigation of FTS International, Inc. - FTSI",,https://www.prnewswire.com/news-releases/shareholder-alert-monteverde--associates-pc-announces-an-investigation-of-fts-international-inc--ftsi-301429393.html
2021-11-19 21:02:00," Con más de $40,000 en fondos para becas otorgados en 2021, National Latina Business Women Association Inland Empire Institute, en el interior del sur del California, está a punto de transformar la región con programas de asistencia técnica y desarrollo de capacidades.",,https://www.prnewswire.com/news-releases/con-mas-de-40-000-en-fondos-para-becas-otorgados-en-2021-national-latina-business-women-association-inland-empire-institute-en-el-interior-del-sur-del-california-esta-a-punto-de-transformar-la-region-con-programas-de-asistencia-tecnica-y-de-868081546.html
2021-11-19 20:47:00, moomoo Named the Best Active Trading App 2021 by Investing Simple,,https://www.prnewswire.com/news-releases/moomoo-named-the-best-active-trading-app-2021-by-investing-simple-301429463.html
2021-11-19 20:45:00," ROSEN, A HIGHLY RECOGNIZED LAW FIRM, Encourages Meta Platforms, Inc. f/k/a Facebook, Inc. Investors with Losses in Excess of $100K to Secure Counsel Before Important Deadline in Securities Class Action Commenced by the Firm - FB",FB,https://www.prnewswire.com/news-releases/rosen-a-highly-recognized-law-firm-encourages-meta-platforms-inc-fka-facebook-inc-investors-with-losses-in-excess-of-100k-to-secure-counsel-before-important-deadline-in-securities-class-action-commenced-by-the-firm--fb-301429390.html
2021-11-19 20:41:00, Presentación mundial de la marca SALOON de GWM,,https://www.prnewswire.com/news-releases/presentacion-mundial-de-la-marca-saloon-de-gwm-888079913.html
2021-11-19 20:40:00, THAIGROOVE présente 50 marques thaïlandaises respectueuses de l'environnement lors de la Journée verte pour aider à changer le monde,,https://www.prnewswire.com/news-releases/thaigroove-presente-50-marques-thailandaises-respectueuses-de-l-environnement-lors-de-la-journee-verte-pour-aider-a-changer-le-monde-879948144.html
2021-11-19 20:35:00," THAIGROOVE präsentiert 50 umweltfreundliche thailändische Marken beim Green Day und hilft dabei, die Welt zu verändern",,https://www.prnewswire.com/news-releases/thaigroove-prasentiert-50-umweltfreundliche-thailandische-marken-beim-green-day-und-hilft-dabei-die-welt-zu-verandern-893434340.html
2021-11-19 20:34:00, President Biden Pardons National Thanksgiving Turkey,,https://www.prnewswire.com/news-releases/president-biden-pardons-national-thanksgiving-turkey-301429462.html
2021-11-19 20:30:00, Municipal Solid Waste Management Market to grow by USD 34.04 billion| Increase in the Urban Population acts as Key Driver | 17000+ Technavio Reports,,https://www.prnewswire.com/news-releases/municipal-solid-waste-management-market-to-grow-by-usd-34-04-billion-increase-in-the-urban-population-acts-as-key-driver--17000-technavio-reports-301428194.html
2021-11-19 20:30:00, CATL e ZF unem forças para um serviço ideal de pós-venda em e-Mobility e armazenamento de energia,,https://www.prnewswire.com/news-releases/catl-e-zf-unem-forcas-para-um-servico-ideal-de-pos-venda-em-e-mobility-e-armazenamento-de-energia-834222467.html
2021-11-19 20:27:00, SHAREHOLDER ALERT: Monteverde & Associates PC Announces an Investigation of CoreSite Realty Corp. - COR,,https://www.prnewswire.com/news-releases/shareholder-alert-monteverde--associates-pc-announces-an-investigation-of-coresite-realty-corp--cor-301429378.html
2021-11-19 20:22:00," Kessler Topaz Meltzer & Check, LLP Announces a Securities Fraud Class Action Lawsuit Filed Against Eargo, Inc. (EAR) and Encourages Investors with Significant Losses to Contact the Firm",EAR,https://www.prnewswire.com/news-releases/kessler-topaz-meltzer--check-llp-announces-a-securities-fraud-class-action-lawsuit-filed-against-eargo-inc-ear-and-encourages-investors-with-significant-losses-to-contact-the-firm-301429396.html
2021-11-19 20:20:00," PTE FINAL DEADLINE TUESDAY: ROSEN, A GLOBAL AND LEADING LAW FIRM, Encourages PolarityTE, Inc. Investors to Secure Counsel Before Important November 23 Deadline in Securities Class Action - PTE",PTE,https://www.prnewswire.com/news-releases/pte-final-deadline-tuesday-rosen-a-global-and-leading-law-firm-encourages-polarityte-inc-investors-to-secure-counsel-before-important-november-23-deadline-in-securities-class-action--pte-301429383.html
2021-11-19 20:19:00, SHAREHOLDER ALERT: Monteverde & Associates PC Announces an Investigation of NeoPhotonics Corp. - NPTN,,https://www.prnewswire.com/news-releases/shareholder-alert-monteverde--associates-pc-announces-an-investigation-of-neophotonics-corp--nptn-301429372.html
2021-11-19 20:18:00, CATL y ZF unen fuerzas para brindar un servicio de posventa óptimo en movilidad eléctrica y almacenamiento de energía,,https://www.prnewswire.com/news-releases/catl-y-zf-unen-fuerzas-para-brindar-un-servicio-de-posventa-optimo-en-movilidad-electrica-y-almacenamiento-de-energia-898688962.html
2021-11-19 20:14:00, La National Hispanic Health Foundation (NHHF) homenajea a líderes y estudiantes que promueven la salud latina,,https://www.prnewswire.com/news-releases/la-national-hispanic-health-foundation-nhhf-homenajea-a-lideres-y-estudiantes-que-promueven-la-salud-latina-876789694.html
2021-11-19 20:08:00," SHAREHOLDER ALERT: Monteverde & Associates PC Announces an Investigation of Level One Bancorp, Inc. - LEVL",,https://www.prnewswire.com/news-releases/shareholder-alert-monteverde--associates-pc-announces-an-investigation-of-level-one-bancorp-inc--levl-301429369.html
2021-11-19 20:08:00," Solis Health planea ofrecer el beneficio ""Family On-Demand"" de Papa Pals para los miembros con necesidades especiales en 2022",,https://www.prnewswire.com/news-releases/solis-health-planea-ofrecer-el-beneficio-family-on-demand-de-papa-pals-para-los-miembros-con-necesidades-especiales-en-2022-882510156.html
2021-11-19 20:05:00, ZF y CATL unen fuerzas para brindar un servicio de posventa óptimo en movilidad eléctrica y almacenamiento de energía,,https://www.prnewswire.com/news-releases/zf-y-catl-unen-fuerzas-para-brindar-un-servicio-de-posventa-optimo-en-movilidad-electrica-y-almacenamiento-de-energia-885126403.html
2021-11-19 20:00:00, Pancake Mixed Market to grow by USD 152.44 billion| Increasing Influence of Food Channels and Shows on TV to Prepare Pancakes at Home acts as Key Driver | 17000+ Technavio Reports,,https://www.prnewswire.com/news-releases/pancake-mixed-market-to-grow-by-usd-152-44-billion-increasing-influence-of-food-channels-and-shows-on-tv-to-prepare-pancakes-at-home-acts-as-key-driver--17000-technavio-reports-301428166.html
2021-11-19 20:00:00," If you made a point-of-sale purchase at a Forever 21 store using a credit, debit, or other payment card, you may be eligible for a payment from a class action settlement",,https://www.prnewswire.com/news-releases/if-you-made-a-point-of-sale-purchase-at-a-forever-21-store-using-a-credit-debit-or-other-payment-card-you-may-be-eligible-for-a-payment-from-a-class-action-settlement-301428385.html
2021-11-19 19:56:00," SHAREHOLDER ALERT: Monteverde & Associates PC Announces an Investigation of Viasat, Inc. - VSAT",,https://www.prnewswire.com/news-releases/shareholder-alert-monteverde--associates-pc-announces-an-investigation-of-viasat-inc--vsat-301429367.html
2021-11-19 19:49:00," „Route to the Top""-Bericht 2021 von Heidrick & Struggles: CEO-Ernennungen erreichen Rekordwerte und übertreffen Höchstwerte vor den Pandemie",HSII,https://www.prnewswire.com/news-releases/-route-to-the-top-bericht-2021-von-heidrick-amp-struggles-ceo-ernennungen-erreichen-rekordwerte-und-ubertreffen-hochstwerte-vor-den-pandemie-801647945.html
2021-11-19 19:48:00, Vision Impact Institute begrüßt den neuen Globalen Plan der Aktionsdekade für Straßenverkehrssicherheit,,https://www.prnewswire.com/news-releases/vision-impact-institute-begrusst-den-neuen-globalen-plan-der-aktionsdekade-fur-strassenverkehrssicherheit-866388547.html
2021-11-19 19:41:00, SHAREHOLDER ALERT: Monteverde & Associates PC Announces an Investigation of McAfee Corp. - MCFE,,https://www.prnewswire.com/news-releases/shareholder-alert-monteverde--associates-pc-announces-an-investigation-of-mcafee-corp--mcfe-301429365.html
2021-11-19 19:39:00, Vision Impact Institute aplaude novo Plano Global para a Década de Ação pela Segurança Viária,,https://www.prnewswire.com/news-releases/vision-impact-institute-aplaude-novo-plano-global-para-a-decada-de-acao-pela-seguranca-viaria-883569829.html
2021-11-19 19:34:00, INVESTOR REMINDER: BIOMARIN PHARMACEUTICAL INC. (NASDAQ: BMRN) SHAREHOLDER CLASS ACTION DEADLINE- Bernstein Liebhard LLP Reminds Investors of the Deadline to File a Lead Plaintiff Motion in a Securities Class Action Lawsuit Against BioMarin Pharmaceutical Inc.,BMRN,https://www.prnewswire.com/news-releases/investor-reminder-biomarin-pharmaceutical-inc-nasdaq-bmrn-shareholder-class-action-deadline--bernstein-liebhard-llp-reminds-investors-of-the-deadline-to-file-a-lead-plaintiff-motion-in-a-securities-class-action-lawsuit-agains-301429355.html
2021-11-19 19:33:00, Endeavor Bank Announces 2021 Third Quarter Financial Results,,https://www.prnewswire.com/news-releases/endeavor-bank-announces-2021-third-quarter-financial-results-301429451.html
2021-11-19 19:32:00, Vision Impact Institute aplaude el nuevo Plan mundial para el decenio de acción para la seguridad vial,,https://www.prnewswire.com/news-releases/vision-impact-institute-aplaude-el-nuevo-plan-mundial-para-el-decenio-de-accion-para-la-seguridad-vial-861287073.html
2021-11-19 19:30:00, UHD TV Market to grow by USD 256.14 billion| Reduction in ASP of UHD TVs acts as Key Driver | 17000+ Technavio Reports,,https://www.prnewswire.com/news-releases/uhd-tv-market-to-grow-by-usd-256-14-billion-reduction-in-asp-of-uhd-tvs-acts-as-key-driver--17000-technavio-reports-301428150.html
2021-11-19 19:25:00, Benchling annonce un financement de série F de 100 millions de dollars et la poursuite de son expansion européenne,,https://www.prnewswire.com/news-releases/benchling-annonce-un-financement-de-serie-f-de-100-millions-de-dollars-et-la-poursuite-de-son-expansion-europeenne-835120870.html
2021-11-19 19:25:00, CATL y ZF se unen para un servicio posventa óptimo en movilidad eléctrica y almacenamiento de energía,,https://www.prnewswire.com/news-releases/catl-y-zf-se-unen-para-un-servicio-posventa-optimo-en-movilidad-electrica-y-almacenamiento-de-energia-829593277.html
2021-11-19 19:23:00," SHAREHOLDER ALERT: WeissLaw LLP Investigates Spirit of Texas Bancshares, Inc.",STXB,https://www.prnewswire.com/news-releases/shareholder-alert-weisslaw-llp-investigates-spirit-of-texas-bancshares-inc-301429366.html
2021-11-19 19:22:00, HONOR desvela las tendencias tecnológicas y de moda a seguir con WGSN,,https://www.prnewswire.com/news-releases/honor-desvela-las-tendencias-tecnologicas-y-de-moda-a-seguir-con-wgsn-860876571.html
2021-11-19 19:19:00, La cooperación financiera China-Singapur comparte beneficios con el mundo,,https://www.prnewswire.com/news-releases/la-cooperacion-financiera-china-singapur-comparte-beneficios-con-el-mundo-812436822.html
2021-11-19 19:18:00, Finanzielle Zusammenarbeit zwischen China und Singapur bringt Vorteile für die ganze Welt,,https://www.prnewswire.com/news-releases/finanzielle-zusammenarbeit-zwischen-china-und-singapur-bringt-vorteile-fur-die-ganze-welt-897423821.html
2021-11-19 19:17:00, La cooperación financiera entre China y Singapur comparte beneficios con el mundo,,https://www.prnewswire.com/news-releases/la-cooperacion-financiera-entre-china-y-singapur-comparte-beneficios-con-el-mundo-842499912.html
2021-11-19 19:10:00, THAIGROOVE presenta 50 marcas tailandesas respetuosas con el medio ambiente en el Día Verde,,https://www.prnewswire.com/news-releases/thaigroove-presenta-50-marcas-tailandesas-respetuosas-con-el-medio-ambiente-en-el-dia-verde-895160739.html
2021-11-19 19:10:00," Vazyme nimmt an der Medica 2021 in Deutschland teil, um seine globale Marktexpansion auszubauen",,https://www.prnewswire.com/news-releases/vazyme-nimmt-an-der-medica-2021-in-deutschland-teil-um-seine-globale-marktexpansion-auszubauen-875086334.html
2021-11-19 19:00:00," If you used the Zoom Meetings Application between March 30, 2016 and July 30, 2021, you could be entitled to benefits, including a cash payment, under a class action settlement",,https://www.prnewswire.com/news-releases/if-you-used-the-zoom-meetings-application-between-march-30-2016-and-july-30-2021-you-could-be-entitled-to-benefits-including-a-cash-payment-under-a-class-action-settlement-301429241.html
2021-11-19 19:00:00, Camel Milk Market to grow by USD 4.24 billion| Increasing Camel Milk Production acts as Key Driver | 17000+ Technavio Reports,,https://www.prnewswire.com/news-releases/camel-milk-market-to-grow-by-usd-4-24-billion-increasing-camel-milk-production-acts-as-key-driver--17000-technavio-reports-301428153.html
2021-11-19 19:00:00, Neuberger Berman MLP And Energy Income Fund Announces Amendment To Leverage Facility,,https://www.prnewswire.com/news-releases/neuberger-berman-mlp-and-energy-income-fund-announces-amendment-to-leverage-facility-301429438.html
2021-11-19 19:00:00, SHAREHOLDER ALERT: Monteverde & Associates PC Announces an Investigation of CorePoint Lodging Inc. - CPLG,,https://www.prnewswire.com/news-releases/shareholder-alert-monteverde--associates-pc-announces-an-investigation-of-corepoint-lodging-inc--cplg-301429347.html
2021-11-19 19:00:00, Neuberger Berman Real Estate Securities Income Fund Announces Amendment To Leverage Facility,,https://www.prnewswire.com/news-releases/neuberger-berman-real-estate-securities-income-fund-announces-amendment-to-leverage-facility-301429436.html
2021-11-19 18:58:00," The Oklahoma-Based Company, Vesta Capital LLC, Enters Kansas Real Estate Market After Purchasing Wichita Property",,https://www.prnewswire.com/news-releases/the-oklahoma-based-company-vesta-capital-llc-enters-kansas-real-estate-market-after-purchasing-wichita-property-301429120.html
2021-11-19 18:56:00," IMPORTANT SHAREHOLDER ALERT- GAOTU TECHEDU INC. (NYSE: GOTU) CLASS ACTION DEADLINE: Bernstein Liebhard LLP Reminds Investors of the Deadline to File a Lead Plaintiff Motion in a Securities Class Action Lawsuit Against Goldman Sachs Group, Inc. and Morgan Stanley for securities law violations regarding trading in Gaotu Techedu, Inc. (NYSE: GOTU) stock.",GOTU,https://www.prnewswire.com/news-releases/important-shareholder-alert--gaotu-techedu-inc-nyse-gotu-class-action-deadline-bernstein-liebhard-llp-reminds-investors-of-the-deadline-to-file-a-lead-plaintiff-motion-in-a-securities-class-action-lawsuit-against-goldman-sach-301429363.html
2021-11-19 18:52:00, Shanghai Futures Exchange und Shanghai International Energy Exchange veröffentlichen monatliche Daten für Oktober 2021,,https://www.prnewswire.com/news-releases/shanghai-futures-exchange-und-shanghai-international-energy-exchange-veroffentlichen-monatliche-daten-fur-oktober-2021-888488028.html
2021-11-19 18:48:00, Shanghai Futures Exchange e Shanghai International Energy Exchange divulgam dados mensais de outubro de 2021,,https://www.prnewswire.com/news-releases/shanghai-futures-exchange-e-shanghai-international-energy-exchange-divulgam-dados-mensais-de-outubro-de-2021-833064556.html
2021-11-19 18:46:00, Shanghai Futures Exchange y Shanghai International Energy Exchange presentan datos mensuales de octubre de 2021,,https://www.prnewswire.com/news-releases/shanghai-futures-exchange-y-shanghai-international-energy-exchange-presentan-datos-mensuales-de-octubre-de-2021-876251751.html
2021-11-19 18:44:00, TerraPay fortalece sua posição nas Américas ao lançar serviços no México e em 15 outros mercados latino-americanos,,https://www.prnewswire.com/news-releases/terrapay-fortalece-sua-posicao-nas-americas-ao-lancar-servicos-no-mexico-e-em-15-outros-mercados-latino-americanos-805240178.html
2021-11-19 18:44:00, Optimum Seismic Challenges Businesses to Help YMCA LA Fight Hunger During Holiday Season,,https://www.prnewswire.com/news-releases/optimum-seismic-challenges-businesses-to-help-ymca-la-fight-hunger-during-holiday-season-301429432.html
2021-11-19 18:44:00, Shanghai Futures Exchange en Shanghai International Energy Exchange publiceren maandcijfers oktober 2021,,https://www.prnewswire.com/news-releases/shanghai-futures-exchange-en-shanghai-international-energy-exchange-publiceren-maandcijfers-oktober-2021-860355293.html
2021-11-19 18:38:00, TerraPay fortalece su posición en las Américas al lanzar servicios en México y otros 15 mercados latinoamericanos,,https://www.prnewswire.com/news-releases/terrapay-fortalece-su-posicion-en-las-americas-al-lanzar-servicios-en-mexico-y-otros-15-mercados-latinoamericanos-803638561.html
2021-11-19 18:37:00," Nostalgic Night For Nashville Native Deana Carter Headlining The Ryman Auditorium To Celebrate The 25th Anniversary Of Her 5X Platinum Debut Album 'Did I Shave My Legs For This?' And Her 2X Platinum CMA Award-Winning Debut Hit Single ""Strawberry Wine""",,https://www.prnewswire.com/news-releases/nostalgic-night-for-nashville-native-deana-carter-headlining-the-ryman-auditorium-to-celebrate-the-25th-anniversary-of-her-5x-platinum-debut-album-did-i-shave-my-legs-for-this-and-her-2x-platinum-cma-award-winning-debut-hit-sin-301429429.html
2021-11-19 18:37:00," Tokopedia „WIB: Indonesia K-Pop Awards"" kündigt Star-Besetzung für erste weltweite Premiere an: BTS, BLACKPINK, TWICE, NCT Dream und viele mehr",,https://www.prnewswire.com/news-releases/tokopedia-wib-indonesia-k-pop-awards-kundigt-star-besetzung-fur-erste-weltweite-premiere-an-bts-blackpink-twice-nct-dream-und-viele-mehr-808847615.html
2021-11-19 18:32:00," Tokopedia annonce la participation de nombreuses stars à la première mondiale de l'événement « WIB : Indonesia K-Pop Awards » : BTS, BLACKPINK, TWICE, NCT Dream et bien d'autres",,https://www.prnewswire.com/news-releases/tokopedia-annonce-la-participation-de-nombreuses-stars-a-la-premiere-mondiale-de-l-evenement-wib-indonesia-k-pop-awards-bts-blackpink-twice-nct-dream-et-bien-d-autres-884128396.html
2021-11-19 18:32:00," Tribunal de Apelaciones de California falla a favor de DAS Corporation, representada por LTL, en una querella internacional que lleva una década",,https://www.prnewswire.com/news-releases/tribunal-de-apelaciones-de-california-falla-a-favor-de-das-corporation-representada-por-ltl-en-una-querella-internacional-que-lleva-una-decada-824925562.html
2021-11-19 18:30:00, IMPORTANT INVESTOR REMINDER: HÖEGH LNG PARTNERS LP (NYSE: HMLP) SHAREHOLDER CLASS ACTION ALERT: Bernstein Liebhard LLP Reminds Investors of the Deadline to File a Lead Plaintiff Motion in a Securities Class Action Lawsuit Against Höegh LNG Partners LP,HMLP,https://www.prnewswire.com/news-releases/important-investor-reminder-hoegh-lng-partners-lp-nyse-hmlp-shareholder-class-action-alert-bernstein-liebhard-llp-reminds-investors-of-the-deadline-to-file-a-lead-plaintiff-motion-in-a-securities-class-action-lawsuit-against--301429350.html
2021-11-19 18:30:00, Industrial Monitoring Relays Market to grow at a CAGR of 6%| Emergence of IoT Based Monitoring Relays acts as Key Driver | 17000+ Technavio Reports,,https://www.prnewswire.com/news-releases/industrial-monitoring-relays-market-to-grow-at-a-cagr-of-6-emergence-of-iot-based-monitoring-relays-acts-as-key-driver--17000-technavio-reports-301428105.html
2021-11-19 18:27:00," Um paraíso de inverno no centro de Nova York: Empire State Building revela decoração natalina, vitrines e eventos especiais",ESRT,https://www.prnewswire.com/news-releases/um-paraiso-de-inverno-no-centro-de-nova-york-empire-state-building-revela-decoracao-natalina-vitrines-e-eventos-especiais-868216036.html
2021-11-19 18:26:00," ProfNet Expert Alerts for November 19, 2021",,https://www.prnewswire.com/news-releases/profnet-expert-alerts-for-november-19-2021-301429420.html
2021-11-19 18:23:00," Ein Winterwunderland im Herzen von NYC: Empire State Building enthüllt Weihnachtsdekorationen, Schaufenster und besondere Veranstaltungen",ESRT,https://www.prnewswire.com/news-releases/ein-winterwunderland-im-herzen-von-nyc-empire-state-building-enthullt-weihnachtsdekorationen-schaufenster-und-besondere-veranstaltungen-813705458.html
2021-11-19 18:22:00," Un país de las maravillas invernal en el corazón de la ciudad de Nueva York: el edificio Empire State revela decoraciones festivas, exhibiciones en las ventanas y eventos especiales",ESRT,https://www.prnewswire.com/news-releases/un-pais-de-las-maravillas-invernal-en-el-corazon-de-la-ciudad-de-nueva-york-el-edificio-empire-state-revela-decoraciones-festivas-exhibiciones-en-las-ventanas-y-eventos-especiales-828681765.html
2021-11-19 18:22:00, Viscosity Announces Acquisition of OraPub.com,,https://www.prnewswire.com/news-releases/viscosity-announces-acquisition-of-orapubcom-301429413.html
2021-11-19 18:18:00, Cushing® MLP & Infrastructure Total Return Fund and Cushing® NextGen Infrastructure Income Fund Announce Trustee Resignation and Trustee Appointment,SRV,https://www.prnewswire.com/news-releases/cushing-mlp--infrastructure-total-return-fund-and-cushing-nextgen-infrastructure-income-fund-announce-trustee-resignation-and-trustee-appointment-301429416.html
2021-11-19 18:18:00," Alpha Latam Management, LLC and Its Debtor Affiliates Receive U.S. Bankruptcy Court Approval of Sale of Colombian Assets to CFG Partners Colombia SAS",,https://www.prnewswire.com/news-releases/alpha-latam-management-llc-and-its-debtor-affiliates-receive-us-bankruptcy-court-approval-of-sale-of-colombian-assets-to-cfg-partners-colombia-sas-301429418.html
2021-11-19 18:15:00, Strados Labs erhält CE-Zeichen für seine RESP™ Smart Sensor Plattform,,https://www.prnewswire.com/news-releases/strados-labs-erhalt-ce-zeichen-fur-seine-resp-tm-smart-sensor-plattform-850215249.html
2021-11-19 18:15:00, Shanghai Electric uzavírá na veletrhu CIIE 2021 dohodu o strategické spolupráci se společností SKF,,https://www.prnewswire.com/news-releases/shanghai-electric-uzavira-na-veletrhu-ciie-2021-dohodu-o-strategicke-spolupraci-se-spolecnosti-skf-892163715.html
2021-11-19 18:11:00, SUPERSOCO voltooit de bouw van haar mondiale hoofdkantoor en onthult zijn strategie voor het sectorplatform,,https://www.prnewswire.com/news-releases/supersoco-voltooit-de-bouw-van-haar-mondiale-hoofdkantoor-en-onthult-zijn-strategie-voor-het-sectorplatform-828224909.html
2021-11-19 18:10:00," Shareholder Alert: Bernstein Litowitz Berger & Grossmann LLP Announces the Filing of a Securities Class Action Lawsuit Against Citrix Systems, Inc.",,https://www.prnewswire.com/news-releases/shareholder-alert-bernstein-litowitz-berger--grossmann-llp-announces-the-filing-of-a-securities-class-action-lawsuit-against-citrix-systems-inc-301429410.html
2021-11-19 18:10:00, SUPERSOCO completa la costruzione della sua sede centrale globale e presenta la sua strategia di piattaforma di settore,,https://www.prnewswire.com/news-releases/supersoco-completa-la-costruzione-della-sua-sede-centrale-globale-e-presenta-la-sua-strategia-di-piattaforma-di-settore-858096551.html
2021-11-19 18:08:00," Atmofizer Technologies Inc. Provides Corporate Update - Harvard, MIT trained Physician Dr. Joshua Helman joins the Board of Directors",,https://www.prnewswire.com/news-releases/atmofizer-technologies-inc-provides-corporate-update--harvard-mit-trained-physician-dr-joshua-helman-joins-the-board-of-directors-301429409.html
2021-11-19 18:07:00, Conagra Brands Issues Voluntary Recall Of Certain Birds Eye Broccoli Tots® Due To Potential Presence Of Small Rocks And Metal Fragments In Product,CAG,https://www.prnewswire.com/news-releases/conagra-brands-issues-voluntary-recall-of-certain-birds-eye-broccoli-tots-due-to-potential-presence-of-small-rocks-and-metal-fragments-in-product-301429408.html
2021-11-19 18:07:00, SUPERSOCO completa la construcción de su sede global,,https://www.prnewswire.com/news-releases/supersoco-completa-la-construccion-de-su-sede-global-800767788.html
2021-11-19 18:06:00, Petco to Present at 1st Annual Needham Virtual Consumer Tech / E-Commerce Conference,WOOF,https://www.prnewswire.com/news-releases/petco-to-present-at-1st-annual-needham-virtual-consumer-tech--e-commerce-conference-301429405.html
2021-11-19 18:06:00, Vision Impact Institute aplaude el plan mundial para la década de acción de la seguridad vial,,https://www.prnewswire.com/news-releases/vision-impact-institute-aplaude-el-plan-mundial-para-la-decada-de-accion-de-la-seguridad-vial-828568940.html
2021-11-19 18:00:00, Urine Collection Devices Market to grow at a CAGR of 5.32% | Increasing Prevalence of CKD acts as Key Driver | 17000+ Technavio Reports,,https://www.prnewswire.com/news-releases/urine-collection-devices-market-to-grow-at-a-cagr-of-5-32--increasing-prevalence-of-ckd-acts-as-key-driver--17000-technavio-reports-301428550.html
2021-11-19 18:00:00, elago Announces Black Friday and Cyber Monday Deals You Don't Want To Miss,,https://www.prnewswire.com/news-releases/elago-announces-black-friday-and-cyber-monday-deals-you-dont-want-to-miss-301429401.html
2021-11-19 17:59:00, InsiteOne LLC launches new platform and partnerships,,https://www.prnewswire.com/news-releases/insiteone-llc-launches-new-platform-and-partnerships-301429400.html
2021-11-19 17:52:00, Barlow Respiratory Hospital Achieves 2021 Re-Certification,,https://www.prnewswire.com/news-releases/barlow-respiratory-hospital-achieves-2021-re-certification-301429397.html
2021-11-19 17:42:00, Lucid Named To Inaugural Inc. Best-Led Companies List,,https://www.prnewswire.com/news-releases/lucid-named-to-inaugural-inc-best-led-companies-list-301429395.html
2021-11-19 17:41:00," Nabors Energy Transition Corp. Announces Closing of $276,000,000 Initial Public Offering, Including Full Exercise of Underwriters' Option to Purchase Additional Units",,https://www.prnewswire.com/news-releases/nabors-energy-transition-corp-announces-closing-of-276-000-000-initial-public-offering-including-full-exercise-of-underwriters-option-to-purchase-additional-units-301429394.html
2021-11-19 17:39:00," Cyber Defense Labs' CEO Robert Anderson Jr, Named Among Top Executives In 2022 Edition Of The Dallas 500",,https://www.prnewswire.com/news-releases/cyber-defense-labs-ceo-robert-anderson-jr-named-among-top-executives-in-2022-edition-of-the-dallas-500-301429392.html
2021-11-19 17:30:00," Agnico Eagle and Kirkland Lake Gold Remind Shareholders to Vote ""For"" their Proposed Merger",AEM,https://www.prnewswire.com/news-releases/agnico-eagle-and-kirkland-lake-gold-remind-shareholders-to-vote-for-their-proposed-merger-301429384.html
2021-11-19 17:30:00, Water Bottles with Filters Market Size to increase by USD 143.78 Mn| Technavio's Research Insights Highlight Increased Adoption of Portable Water Filters During Natural Disasters as Key Driver,,https://www.prnewswire.com/news-releases/water-bottles-with-filters-market-size-to-increase-by-usd-143-78-mn-technavios-research-insights-highlight-increased-adoption-of-portable-water-filters-during-natural-disasters-as-key-driver-301428061.html
